events,onset,offset
Stim,90.243908,93.243943
Stim,103.244198,106.244233
Stim,116.244488,119.244523
Stim,129.244778,132.244896
Stim,142.245068,145.245186
Stim,155.245358,158.245476
Stim,168.245731,171.245766
Stim,181.246021,184.246056
Stim,194.246311,197.246346
Stim,207.246601,210.246636
Stim,220.246891,223.247009
Stim,233.247181,236.247299
Stim,246.247471,249.247589
Stim,259.247844,262.247879
Stim,272.248134,275.248169
Stim,285.248424,288.248459
Stim,298.248714,301.248832
Stim,311.249004,314.249122
Stim,324.249377,327.249412
Stim,337.249667,340.249702
Stim,350.249957,353.250075
Stim,363.250247,366.250365
Stim,376.250537,379.250655
,,
,,
,,
,,
,,
,,
,,
,,
,,
,,
,,
,,
,,
,,
,,
,,
,,
,,
,,
,,
,,
,,
,,
,,
,,
,,
